[Header],,,,,,,,,,,
IEMFileVersion,5,,,,,,,,,,
Date,2021/12/10,,,,,,,,,,
Workflow,GenerateFASTQ,,,,,,,,,,
Application,NextSeq FASTQ Only,,,,,,,,,,
Assay,TruSeq HT,,,,,,,,,,
Instrument Type,NextSeq/MiniSeq,,,,,,,,,,
Index Adapters,,,,,,,,,,,
Description,,,,,,,,,,,
Chemistry,Default,,,,,,,,,,
,,,,,,,,,,,
[Reads],,,,,,,,,,,
75,,,,,,,,,,,
,,,,,,,,,,,
[Settings],,,,,,,,,,,
,,,,,,,,,,,
[Data],,,,,,,,,,,
Sample_ID,Sample_Name,Sample_Plate,Sample_Well,Index_Plate,Index_Plate_Well,I7_Index_ID,index,I5_Index_ID,index2,Sample_Project,Description
M31907-Y1-C019D,,,,,,,CTGATGGT,,GAGTTGCT,,
M31912-Y1-C020D,,,,,,,ACACTCGA,,CTGTCGTA,,
M31913-Y1-C021D,,,,,,,TCTCTTGC,,CTCGTCAA,,
M31917-Y1-C022D,,,,,,,TCCTCCTT,,GTGGTAGA,,
M31918-Y1-C023D,,,,,,,ACAGTTCC,,CGAGTACA,,
M31919-Y1-C024D,,,,,,,TCCTGGAA,,CAGGAATG,,
M31920-Y1-C027D,,,,,,,CCATCCAA,,CAATCAGG,,
M31921-Y1-C029D,,,,,,,TCGTACCA,,GGTGGATT,,
M31922-Y1-C030D,,,,,,,CCATGGTT,,CGTGCTTA,,
M31923-Y1-C031D,,,,,,,ACTGCTGA,,TCTGGTTG,,
RM3044-Y1-C032D,,,,,,,TGATCGTG,,CTCATGCT,,
YF3584-Y3-C067D,,,,,,,TAGCTGCT,,ACCTCGAA,,
YF3585-Y2-C069D,,,,,,,CAAGTACC,,GCTCACTT,,
YF3585-Y3-C070D,,,,,,,GACAATCC,,TGGACGAA,,
YF3586-Y2-C072D,,,,,,,AAGCACAC,,CACTTGAC,,
YF3586-Y3-C074D,,,,,,,TAGGAGCA,,GTGATGAC,,
YF3584-Y4-C075D,,,,,,,AAGCAGTG,,TGCACCTT,,
YF3584-Y5-C077D,,,,,,,AAGCTACG,,CTAACCTG,,
YF3584-Y6-C078D,,,,,,,GACATGCT,,ATCGAGAC,,
YF3585-Y4-N815D,,,,,,,TAGGAGCA,,ACCTGGTA,,
YF3585-Y5-N816D,,,,,,,AAGCAGTG,,CCACAGTT,,
YF3585-Y6-N817D,,,,,,,CAATCACG,,GTGTCTTG,,
M32010-Y1-C252D,,,,,,,ACCTGTGT,,ATAGCCTT,,
M32013-Y1-C253D,,,,,,,TGTTGAGG,,TAAGGCTC,,
M32014-Y1-C254D,,,,,,,CGAGTAGT,,TCGCATAA,,
M32010-Y2-C256D,,,,,,,CGTAACCA,,CCTTCTGT,,
M32013-Y2-C257D,,,,,,,ACGACACA,,GGTTAGGT,,
M32014-Y2-C258D,,,,,,,TGTGTCTG,,CCAATCGT,,
YF3601-Y1-N501R,,,,,,,AACGAGAC,,AGTCGTTG,,
YF3601-Y2-N502R,,,,,,,CAACAAGG,,CTGGAGTT,,
YF3601-Y3-N503R,,,,,,,GAACACTC,,GTAGGTTC,,
YF3601-Y4-N504R,,,,,,,TAACCAGC,,GGACCTTA,,
YF3601-Y5-N505R,,,,,,,AACGTAGG,,TGGTGGTA,,
YF3601-Y6-N506R,,,,,,,CAACATCC,,GAGGTCTT,,
YF3601-Y7-N507R,,,,,,,TAACCTCG,,TCTGCTTG,,
YF3601-Y8-N508R,,,,,,,AACGTTCC,,GATCCTTC,,
YF3601-Y9-N509R,,,,,,,GAACCATG,,GCTCTCTT,,
